﻿<?xml version="1.0" encoding="utf-8"?>
<abapGit version="v1.0.0" serializer="LCL_OBJECT_INTF" serializer_version="v1.0.0">
 <asx:abap xmlns:asx="http://www.sap.com/abapxml" version="1.0">
  <asx:values>
   <VSEOINTERF>
    <CLSNAME>ZIF_SMARTFORM_PO</CLSNAME>
    <LANGU>S</LANGU>
    <DESCRIPT>INTERFASE SMARTFORM PO</DESCRIPT>
    <EXPOSURE>2</EXPOSURE>
    <STATE>1</STATE>
    <UNICODE>X</UNICODE>
   </VSEOINTERF>
   <DESCRIPTIONS>
    <SEOCOMPOTX>
     <CLSNAME>ZIF_SMARTFORM_PO</CLSNAME>
     <CMPNAME>GET_ADDRESS_BURKS</CMPNAME>
     <LANGU>S</LANGU>
     <DESCRIPT>Traer dirección de sociedad</DESCRIPT>
    </SEOCOMPOTX>
    <SEOCOMPOTX>
     <CLSNAME>ZIF_SMARTFORM_PO</CLSNAME>
     <CMPNAME>GET_ADDRESS_BURKS_SV</CMPNAME>
     <LANGU>S</LANGU>
     <DESCRIPT>Traer dirección de sociedad SV</DESCRIPT>
    </SEOCOMPOTX>
    <SEOCOMPOTX>
     <CLSNAME>ZIF_SMARTFORM_PO</CLSNAME>
     <CMPNAME>GET_ADDRESS_CENTRO</CMPNAME>
     <LANGU>S</LANGU>
     <DESCRIPT>Dirección del centro</DESCRIPT>
    </SEOCOMPOTX>
    <SEOCOMPOTX>
     <CLSNAME>ZIF_SMARTFORM_PO</CLSNAME>
     <CMPNAME>GET_ADDRESS_PROVEEDOR</CMPNAME>
     <LANGU>S</LANGU>
     <DESCRIPT>Dirección del proveedor</DESCRIPT>
    </SEOCOMPOTX>
    <SEOCOMPOTX>
     <CLSNAME>ZIF_SMARTFORM_PO</CLSNAME>
     <CMPNAME>GET_DATA_PROVEEDOR</CMPNAME>
     <LANGU>S</LANGU>
     <DESCRIPT>Datos proveedor</DESCRIPT>
    </SEOCOMPOTX>
    <SEOCOMPOTX>
     <CLSNAME>ZIF_SMARTFORM_PO</CLSNAME>
     <CMPNAME>GET_TEXTO</CMPNAME>
     <LANGU>S</LANGU>
     <DESCRIPT>Textos</DESCRIPT>
    </SEOCOMPOTX>
    <SEOCOMPOTX>
     <CLSNAME>ZIF_SMARTFORM_PO</CLSNAME>
     <CMPNAME>GET_TOTALES</CMPNAME>
     <LANGU>S</LANGU>
     <DESCRIPT>Totales</DESCRIPT>
    </SEOCOMPOTX>
    <SEOCOMPOTX>
     <CLSNAME>ZIF_SMARTFORM_PO</CLSNAME>
     <CMPNAME>SETUP</CMPNAME>
     <LANGU>S</LANGU>
     <DESCRIPT>Carga Iniciales</DESCRIPT>
    </SEOCOMPOTX>
    <SEOCOMPOTX>
     <CLSNAME>ZIF_SMARTFORM_PO</CLSNAME>
     <CMPNAME>SET_TABLE_DETAIL</CMPNAME>
     <LANGU>S</LANGU>
     <DESCRIPT>setup tabla detalle posiciones</DESCRIPT>
    </SEOCOMPOTX>
   </DESCRIPTIONS>
  </asx:values>
 </asx:abap>
</abapGit>
