﻿<?xml version="1.0" encoding="utf-8"?>
<abapGit version="v1.0.0" serializer="LCL_OBJECT_SSST" serializer_version="v1.0.0">
 <asx:abap xmlns:asx="http://www.sap.com/abapxml" version="1.0">
  <asx:values>
   <HEADER>
    <STYLENAME>ZMMPO_FORM</STYLENAME>
    <MASTERLANG>S</MASTERLANG>
    <LANGU>S</LANGU>
    <CAPTION>Style YPCC_SF</CAPTION>
    <V_CAPTION>Style YPCC_SF</V_CAPTION>
    <TDFIRSTPAR>ST</TDFIRSTPAR>
    <CPI>10.0</CPI>
    <LPI>6.0</LPI>
    <TDTABDIST>1.0</TDTABDIST>
    <TDTABDISTU>CM</TDTABDISTU>
    <ACTIVE>A</ACTIVE>
    <TDFAMILY>HELVE</TDFAMILY>
    <TDHEIGHT>100</TDHEIGHT>
   </HEADER>
   <SSFPARAS>
    <SSFPARAS>
     <ACTIVE>A</ACTIVE>
     <STYLENAME>ZMMPO_FORM</STYLENAME>
     <TDPARGRAPH>A4</TDPARGRAPH>
     <TDPJUSTIFY>LEFT</TDPJUSTIFY>
     <TDPLDIST>1.0</TDPLDIST>
     <TDPLDISTU>LN</TDPLDISTU>
     <TDPTOPU>CM</TDPTOPU>
     <TDPBOTU>CM</TDPBOTU>
     <TDPLEFTU>CM</TDPLEFTU>
     <TDPRIGHTU>CM</TDPRIGHTU>
     <TDPENTRYU>CM</TDPENTRYU>
     <TDNUMLEFTU>CM</TDNUMLEFTU>
     <TDFAMILY>HELVE</TDFAMILY>
     <TDHEIGHT>060</TDHEIGHT>
     <TDBOLD>X</TDBOLD>
     <TDITALIC>*</TDITALIC>
     <TDUNDERLIN>*</TDUNDERLIN>
     <LANGU>S</LANGU>
     <CAPTION>Nota negrita</CAPTION>
    </SSFPARAS>
    <SSFPARAS>
     <ACTIVE>A</ACTIVE>
     <STYLENAME>ZMMPO_FORM</STYLENAME>
     <TDPARGRAPH>B4</TDPARGRAPH>
     <TDPJUSTIFY>LEFT</TDPJUSTIFY>
     <TDPLDIST>1.0</TDPLDIST>
     <TDPLDISTU>LN</TDPLDISTU>
     <TDPTOPU>CM</TDPTOPU>
     <TDPBOTU>CM</TDPBOTU>
     <TDPLEFTU>CM</TDPLEFTU>
     <TDPRIGHTU>CM</TDPRIGHTU>
     <TDPENTRYU>CM</TDPENTRYU>
     <TDNUMLEFTU>CM</TDNUMLEFTU>
     <TDFAMILY>HELVE</TDFAMILY>
     <TDHEIGHT>060</TDHEIGHT>
     <TDBOLD>*</TDBOLD>
     <TDITALIC>*</TDITALIC>
     <TDUNDERLIN>*</TDUNDERLIN>
     <LANGU>S</LANGU>
     <CAPTION>Nota</CAPTION>
    </SSFPARAS>
    <SSFPARAS>
     <ACTIVE>A</ACTIVE>
     <STYLENAME>ZMMPO_FORM</STYLENAME>
     <TDPARGRAPH>C</TDPARGRAPH>
     <TDPJUSTIFY>CENTER</TDPJUSTIFY>
     <TDPLDIST>1.0</TDPLDIST>
     <TDPLDISTU>LN</TDPLDISTU>
     <TDPTOPU>CM</TDPTOPU>
     <TDPBOTU>CM</TDPBOTU>
     <TDPLEFTU>CM</TDPLEFTU>
     <TDPRIGHTU>CM</TDPRIGHTU>
     <TDPENTRYU>CM</TDPENTRYU>
     <TDNUMLEFTU>CM</TDNUMLEFTU>
     <TDBOLD>*</TDBOLD>
     <TDITALIC>*</TDITALIC>
     <TDUNDERLIN>*</TDUNDERLIN>
     <LANGU>S</LANGU>
     <CAPTION>Centered HELVE 10</CAPTION>
    </SSFPARAS>
    <SSFPARAS>
     <ACTIVE>A</ACTIVE>
     <STYLENAME>ZMMPO_FORM</STYLENAME>
     <TDPARGRAPH>C4</TDPARGRAPH>
     <TDPJUSTIFY>LEFT</TDPJUSTIFY>
     <TDPLDIST>1.0</TDPLDIST>
     <TDPLDISTU>LN</TDPLDISTU>
     <TDPTOPU>CM</TDPTOPU>
     <TDPBOTU>CM</TDPBOTU>
     <TDPLEFTU>CM</TDPLEFTU>
     <TDPRIGHTU>CM</TDPRIGHTU>
     <TDPENTRYU>CM</TDPENTRYU>
     <TDNUMLEFTU>CM</TDNUMLEFTU>
     <TDFAMILY>HELVE</TDFAMILY>
     <TDHEIGHT>080</TDHEIGHT>
     <TDBOLD>*</TDBOLD>
     <TDITALIC>*</TDITALIC>
     <TDUNDERLIN>*</TDUNDERLIN>
     <LANGU>S</LANGU>
     <CAPTION>Totales</CAPTION>
    </SSFPARAS>
    <SSFPARAS>
     <ACTIVE>A</ACTIVE>
     <STYLENAME>ZMMPO_FORM</STYLENAME>
     <TDPARGRAPH>CC</TDPARGRAPH>
     <TDPJUSTIFY>CENTER</TDPJUSTIFY>
     <TDPLDIST>1.0</TDPLDIST>
     <TDPLDISTU>LN</TDPLDISTU>
     <TDPTOPU>CM</TDPTOPU>
     <TDPBOTU>CM</TDPBOTU>
     <TDPLEFTU>CM</TDPLEFTU>
     <TDPRIGHTU>CM</TDPRIGHTU>
     <TDPENTRYU>CM</TDPENTRYU>
     <TDNUMLEFTU>CM</TDNUMLEFTU>
     <TDFAMILY>HELVE</TDFAMILY>
     <TDHEIGHT>100</TDHEIGHT>
     <TDBOLD>X</TDBOLD>
     <TDITALIC>*</TDITALIC>
     <TDUNDERLIN>*</TDUNDERLIN>
     <LANGU>S</LANGU>
     <CAPTION>título cabecera</CAPTION>
    </SSFPARAS>
    <SSFPARAS>
     <ACTIVE>A</ACTIVE>
     <STYLENAME>ZMMPO_FORM</STYLENAME>
     <TDPARGRAPH>DH</TDPARGRAPH>
     <TDPJUSTIFY>LEFT</TDPJUSTIFY>
     <TDPLDIST>1.0</TDPLDIST>
     <TDPLDISTU>LN</TDPLDISTU>
     <TDPTOPU>CM</TDPTOPU>
     <TDPBOTU>CM</TDPBOTU>
     <TDPLEFTU>CM</TDPLEFTU>
     <TDPRIGHTU>CM</TDPRIGHTU>
     <TDPENTRYU>CM</TDPENTRYU>
     <TDFAMILY>HELVE</TDFAMILY>
     <TDHEIGHT>240</TDHEIGHT>
     <TDBOLD>*</TDBOLD>
     <TDITALIC>*</TDITALIC>
     <LANGU>S</LANGU>
     <CAPTION>Document Header HELVE 24</CAPTION>
    </SSFPARAS>
    <SSFPARAS>
     <ACTIVE>A</ACTIVE>
     <STYLENAME>ZMMPO_FORM</STYLENAME>
     <TDPARGRAPH>OC</TDPARGRAPH>
     <TDPJUSTIFY>LEFT</TDPJUSTIFY>
     <TDPLDIST>1.0</TDPLDIST>
     <TDPLDISTU>LN</TDPLDISTU>
     <TDPTOPU>CM</TDPTOPU>
     <TDPBOTU>CM</TDPBOTU>
     <TDPLEFTU>CM</TDPLEFTU>
     <TDPRIGHTU>CM</TDPRIGHTU>
     <TDPENTRYU>CM</TDPENTRYU>
     <TDNUMLEFTU>CM</TDNUMLEFTU>
     <TDFAMILY>HELVE</TDFAMILY>
     <TDHEIGHT>100</TDHEIGHT>
     <TDBOLD>X</TDBOLD>
     <TDITALIC>*</TDITALIC>
     <TDUNDERLIN>*</TDUNDERLIN>
     <LANGU>S</LANGU>
     <CAPTION>Orden de compra</CAPTION>
    </SSFPARAS>
    <SSFPARAS>
     <ACTIVE>A</ACTIVE>
     <STYLENAME>ZMMPO_FORM</STYLENAME>
     <TDPARGRAPH>ST</TDPARGRAPH>
     <TDPJUSTIFY>LEFT</TDPJUSTIFY>
     <TDPLDIST>1.0</TDPLDIST>
     <TDPLDISTU>LN</TDPLDISTU>
     <TDPTOPU>CM</TDPTOPU>
     <TDPBOTU>CM</TDPBOTU>
     <TDPLEFTU>CM</TDPLEFTU>
     <TDPRIGHTU>CM</TDPRIGHTU>
     <TDPENTRYU>CM</TDPENTRYU>
     <TDFAMILY>HELVE</TDFAMILY>
     <TDHEIGHT>100</TDHEIGHT>
     <TDBOLD>*</TDBOLD>
     <TDITALIC>*</TDITALIC>
     <TDUNDERLIN>*</TDUNDERLIN>
     <LANGU>S</LANGU>
     <CAPTION>Std Paragraph HELVE 10</CAPTION>
    </SSFPARAS>
    <SSFPARAS>
     <ACTIVE>A</ACTIVE>
     <STYLENAME>ZMMPO_FORM</STYLENAME>
     <TDPARGRAPH>T1</TDPARGRAPH>
     <TDPJUSTIFY>LEFT</TDPJUSTIFY>
     <TDPLDIST>1.0</TDPLDIST>
     <TDPLDISTU>LN</TDPLDISTU>
     <TDPTOPU>CM</TDPTOPU>
     <TDPBOTU>CM</TDPBOTU>
     <TDPLEFT>1.0</TDPLEFT>
     <TDPLEFTU>MM</TDPLEFTU>
     <TDPRIGHTU>CM</TDPRIGHTU>
     <TDPENTRYU>CM</TDPENTRYU>
     <TDNUMLEFTU>CM</TDNUMLEFTU>
     <TDFAMILY>HELVE</TDFAMILY>
     <TDHEIGHT>100</TDHEIGHT>
     <TDBOLD>*</TDBOLD>
     <TDITALIC>*</TDITALIC>
     <TDUNDERLIN>*</TDUNDERLIN>
     <LANGU>S</LANGU>
     <CAPTION>Table Line 1HELVE 10</CAPTION>
    </SSFPARAS>
    <SSFPARAS>
     <ACTIVE>A</ACTIVE>
     <STYLENAME>ZMMPO_FORM</STYLENAME>
     <TDPARGRAPH>T2</TDPARGRAPH>
     <TDPJUSTIFY>LEFT</TDPJUSTIFY>
     <TDPPROTPAG>X</TDPPROTPAG>
     <TDPLDIST>1.0</TDPLDIST>
     <TDPLDISTU>LN</TDPLDISTU>
     <TDPTOPU>CM</TDPTOPU>
     <TDPBOTU>CM</TDPBOTU>
     <TDPLEFT>1.0</TDPLEFT>
     <TDPLEFTU>MM</TDPLEFTU>
     <TDPRIGHTU>CM</TDPRIGHTU>
     <TDPENTRYU>CM</TDPENTRYU>
     <TDFAMILY>HELVE</TDFAMILY>
     <TDHEIGHT>080</TDHEIGHT>
     <TDBOLD>*</TDBOLD>
     <TDITALIC>*</TDITALIC>
     <TDUNDERLIN>*</TDUNDERLIN>
     <USED>X</USED>
     <LANGU>S</LANGU>
     <CAPTION>Table Line 2 HELVE 8</CAPTION>
    </SSFPARAS>
    <SSFPARAS>
     <ACTIVE>A</ACTIVE>
     <STYLENAME>ZMMPO_FORM</STYLENAME>
     <TDPARGRAPH>T3</TDPARGRAPH>
     <TDPJUSTIFY>LEFT</TDPJUSTIFY>
     <TDPLDIST>0.8</TDPLDIST>
     <TDPLDISTU>LN</TDPLDISTU>
     <TDPTOPU>CM</TDPTOPU>
     <TDPBOTU>CM</TDPBOTU>
     <TDPLEFT>1.0</TDPLEFT>
     <TDPLEFTU>MM</TDPLEFTU>
     <TDPRIGHTU>CM</TDPRIGHTU>
     <TDPENTRYU>CM</TDPENTRYU>
     <TDFAMILY>HELVE</TDFAMILY>
     <TDHEIGHT>060</TDHEIGHT>
     <TDBOLD>X</TDBOLD>
     <TDITALIC>*</TDITALIC>
     <TDUNDERLIN>*</TDUNDERLIN>
     <USED>X</USED>
     <LANGU>S</LANGU>
     <CAPTION>Table Line 3 HELVE 6</CAPTION>
    </SSFPARAS>
    <SSFPARAS>
     <ACTIVE>A</ACTIVE>
     <STYLENAME>ZMMPO_FORM</STYLENAME>
     <TDPARGRAPH>TC</TDPARGRAPH>
     <TDPJUSTIFY>CENTER</TDPJUSTIFY>
     <TDPLDIST>1.0</TDPLDIST>
     <TDPLDISTU>LN</TDPLDISTU>
     <TDPTOPU>CM</TDPTOPU>
     <TDPBOTU>CM</TDPBOTU>
     <TDPLEFTU>CM</TDPLEFTU>
     <TDPRIGHTU>CM</TDPRIGHTU>
     <TDPENTRYU>CM</TDPENTRYU>
     <TDNUMLEFTU>CM</TDNUMLEFTU>
     <TDFAMILY>HELVE</TDFAMILY>
     <TDHEIGHT>100</TDHEIGHT>
     <TDBOLD>X</TDBOLD>
     <TDITALIC>*</TDITALIC>
     <TDUNDERLIN>*</TDUNDERLIN>
     <LANGU>S</LANGU>
     <CAPTION>Table Header Centered HELVE 10</CAPTION>
    </SSFPARAS>
    <SSFPARAS>
     <ACTIVE>A</ACTIVE>
     <STYLENAME>ZMMPO_FORM</STYLENAME>
     <TDPARGRAPH>TH</TDPARGRAPH>
     <TDPJUSTIFY>LEFT</TDPJUSTIFY>
     <TDPLDIST>1.0</TDPLDIST>
     <TDPLDISTU>LN</TDPLDISTU>
     <TDPTOPU>CM</TDPTOPU>
     <TDPBOTU>CM</TDPBOTU>
     <TDPLEFT>1.0</TDPLEFT>
     <TDPLEFTU>MM</TDPLEFTU>
     <TDPRIGHTU>CM</TDPRIGHTU>
     <TDPENTRYU>CM</TDPENTRYU>
     <TDNUMLEFTU>CM</TDNUMLEFTU>
     <TDFAMILY>HELVE</TDFAMILY>
     <TDHEIGHT>080</TDHEIGHT>
     <TDBOLD>X</TDBOLD>
     <TDITALIC>*</TDITALIC>
     <TDUNDERLIN>*</TDUNDERLIN>
     <LANGU>S</LANGU>
     <CAPTION>Table Header HELVE 10</CAPTION>
    </SSFPARAS>
    <SSFPARAS>
     <ACTIVE>A</ACTIVE>
     <STYLENAME>ZMMPO_FORM</STYLENAME>
     <TDPARGRAPH>TI</TDPARGRAPH>
     <TDPJUSTIFY>LEFT</TDPJUSTIFY>
     <TDPLDIST>1.0</TDPLDIST>
     <TDPLDISTU>LN</TDPLDISTU>
     <TDPTOPU>CM</TDPTOPU>
     <TDPBOTU>CM</TDPBOTU>
     <TDPLEFT>1.0</TDPLEFT>
     <TDPLEFTU>MM</TDPLEFTU>
     <TDPRIGHTU>CM</TDPRIGHTU>
     <TDPENTRYU>CM</TDPENTRYU>
     <TDNUMLEFTU>CM</TDNUMLEFTU>
     <TDFAMILY>HELVE</TDFAMILY>
     <TDHEIGHT>080</TDHEIGHT>
     <TDBOLD>*</TDBOLD>
     <TDITALIC>X</TDITALIC>
     <TDUNDERLIN>*</TDUNDERLIN>
     <LANGU>S</LANGU>
     <CAPTION>Helve Italic Font 8</CAPTION>
    </SSFPARAS>
    <SSFPARAS>
     <ACTIVE>A</ACTIVE>
     <STYLENAME>ZMMPO_FORM</STYLENAME>
     <TDPARGRAPH>TN</TDPARGRAPH>
     <TDPJUSTIFY>RIGHT</TDPJUSTIFY>
     <TDPLDIST>1.0</TDPLDIST>
     <TDPLDISTU>LN</TDPLDISTU>
     <TDPTOPU>CM</TDPTOPU>
     <TDPBOTU>CM</TDPBOTU>
     <TDPLEFTU>MM</TDPLEFTU>
     <TDPRIGHT>1.0</TDPRIGHT>
     <TDPRIGHTU>MM</TDPRIGHTU>
     <TDPENTRYU>CM</TDPENTRYU>
     <TDFAMILY>HELVE</TDFAMILY>
     <TDHEIGHT>100</TDHEIGHT>
     <TDBOLD>*</TDBOLD>
     <TDITALIC>*</TDITALIC>
     <TDUNDERLIN>*</TDUNDERLIN>
     <LANGU>S</LANGU>
     <CAPTION>Table Number HELVE 10</CAPTION>
    </SSFPARAS>
    <SSFPARAS>
     <ACTIVE>A</ACTIVE>
     <STYLENAME>ZMMPO_FORM</STYLENAME>
     <TDPARGRAPH>TT</TDPARGRAPH>
     <TDPJUSTIFY>LEFT</TDPJUSTIFY>
     <TDPLDIST>1.0</TDPLDIST>
     <TDPLDISTU>LN</TDPLDISTU>
     <TDPTOPU>CM</TDPTOPU>
     <TDPBOTU>CM</TDPBOTU>
     <TDPLEFTU>CM</TDPLEFTU>
     <TDPRIGHTU>CM</TDPRIGHTU>
     <TDPENTRYU>CM</TDPENTRYU>
     <TDNUMLEFTU>CM</TDNUMLEFTU>
     <TDFAMILY>HELVE</TDFAMILY>
     <TDHEIGHT>120</TDHEIGHT>
     <TDBOLD>X</TDBOLD>
     <TDITALIC>*</TDITALIC>
     <TDUNDERLIN>*</TDUNDERLIN>
     <LANGU>S</LANGU>
     <CAPTION>Table Title HELVE 12</CAPTION>
    </SSFPARAS>
    <SSFPARAS>
     <ACTIVE>A</ACTIVE>
     <STYLENAME>ZMMPO_FORM</STYLENAME>
     <TDPARGRAPH>TX</TDPARGRAPH>
     <TDPJUSTIFY>LEFT</TDPJUSTIFY>
     <TDPLDIST>1.0</TDPLDIST>
     <TDPLDISTU>LN</TDPLDISTU>
     <TDPTOPU>CM</TDPTOPU>
     <TDPBOTU>CM</TDPBOTU>
     <TDPLEFTU>CM</TDPLEFTU>
     <TDPRIGHTU>CM</TDPRIGHTU>
     <TDPENTRYU>CM</TDPENTRYU>
     <TDNUMLEFTU>CM</TDNUMLEFTU>
     <TDFAMILY>HELVE</TDFAMILY>
     <TDHEIGHT>100</TDHEIGHT>
     <TDBOLD>X</TDBOLD>
     <TDITALIC>X</TDITALIC>
     <TDUNDERLIN>*</TDUNDERLIN>
     <LANGU>S</LANGU>
     <CAPTION>Standard Text for Sender</CAPTION>
    </SSFPARAS>
    <SSFPARAS>
     <ACTIVE>A</ACTIVE>
     <STYLENAME>ZMMPO_FORM</STYLENAME>
     <TDPARGRAPH>WH</TDPARGRAPH>
     <TDPJUSTIFY>LEFT</TDPJUSTIFY>
     <TDPLDIST>1.0</TDPLDIST>
     <TDPLDISTU>LN</TDPLDISTU>
     <TDPTOPU>CM</TDPTOPU>
     <TDPBOTU>CM</TDPBOTU>
     <TDPLEFTU>CM</TDPLEFTU>
     <TDPRIGHTU>CM</TDPRIGHTU>
     <TDPENTRYU>CM</TDPENTRYU>
     <TDFAMILY>HELVE</TDFAMILY>
     <TDHEIGHT>120</TDHEIGHT>
     <TDBOLD>X</TDBOLD>
     <TDITALIC>*</TDITALIC>
     <TDUNDERLIN>*</TDUNDERLIN>
     <LANGU>S</LANGU>
     <CAPTION>Window Header HELVE 12</CAPTION>
    </SSFPARAS>
    <SSFPARAS>
     <ACTIVE>A</ACTIVE>
     <STYLENAME>ZMMPO_FORM</STYLENAME>
     <TDPARGRAPH>WL</TDPARGRAPH>
     <TDPJUSTIFY>LEFT</TDPJUSTIFY>
     <TDPLDIST>1.0</TDPLDIST>
     <TDPLDISTU>LN</TDPLDISTU>
     <TDPTOPU>CM</TDPTOPU>
     <TDPBOTU>CM</TDPBOTU>
     <TDPLEFT>1.0</TDPLEFT>
     <TDPLEFTU>MM</TDPLEFTU>
     <TDPRIGHTU>CM</TDPRIGHTU>
     <TDPENTRYU>CM</TDPENTRYU>
     <TDFAMILY>HELVE</TDFAMILY>
     <TDHEIGHT>100</TDHEIGHT>
     <TDBOLD>*</TDBOLD>
     <TDITALIC>*</TDITALIC>
     <TDUNDERLIN>*</TDUNDERLIN>
     <LANGU>S</LANGU>
     <CAPTION>Window Line HELVE 10</CAPTION>
    </SSFPARAS>
   </SSFPARAS>
   <SSFSTRINGS>
    <SSFSTRINGS>
     <ACTIVE>A</ACTIVE>
     <STYLENAME>ZMMPO_FORM</STYLENAME>
     <TDSTRING>B</TDSTRING>
     <TDSUPER>*</TDSUPER>
     <TDSUB>*</TDSUB>
     <TDHIDDEN>*</TDHIDDEN>
     <TDPROTLINE>*</TDPROTLINE>
     <TDBOLD>X</TDBOLD>
     <TDITALIC>*</TDITALIC>
     <TDUNDERLIN>*</TDUNDERLIN>
     <LANGU>S</LANGU>
     <CAPTION>Bold Letter</CAPTION>
    </SSFSTRINGS>
    <SSFSTRINGS>
     <ACTIVE>A</ACTIVE>
     <STYLENAME>ZMMPO_FORM</STYLENAME>
     <TDSTRING>B1</TDSTRING>
     <TDSUPER>*</TDSUPER>
     <TDSUB>*</TDSUB>
     <TDHIDDEN>*</TDHIDDEN>
     <TDPROTLINE>*</TDPROTLINE>
     <TDBARCODE>BC_MSIC1</TDBARCODE>
     <TDBOLD>*</TDBOLD>
     <TDITALIC>*</TDITALIC>
     <TDUNDERLIN>*</TDUNDERLIN>
     <LANGU>S</LANGU>
     <CAPTION>Bar Code MSIC1</CAPTION>
    </SSFSTRINGS>
    <SSFSTRINGS>
     <ACTIVE>A</ACTIVE>
     <STYLENAME>ZMMPO_FORM</STYLENAME>
     <TDSTRING>I</TDSTRING>
     <TDSUPER>*</TDSUPER>
     <TDSUB>*</TDSUB>
     <TDHIDDEN>*</TDHIDDEN>
     <TDPROTLINE>*</TDPROTLINE>
     <TDBOLD>*</TDBOLD>
     <TDITALIC>X</TDITALIC>
     <TDUNDERLIN>*</TDUNDERLIN>
     <LANGU>S</LANGU>
     <CAPTION>Italic</CAPTION>
    </SSFSTRINGS>
    <SSFSTRINGS>
     <ACTIVE>A</ACTIVE>
     <STYLENAME>ZMMPO_FORM</STYLENAME>
     <TDSTRING>IT</TDSTRING>
     <TDSUPER>*</TDSUPER>
     <TDSUB>*</TDSUB>
     <TDHIDDEN>*</TDHIDDEN>
     <TDPROTLINE>*</TDPROTLINE>
     <TDFAMILY>HELVE</TDFAMILY>
     <TDBOLD>*</TDBOLD>
     <TDITALIC>X</TDITALIC>
     <TDUNDERLIN>*</TDUNDERLIN>
     <LANGU>S</LANGU>
     <CAPTION>Italic</CAPTION>
    </SSFSTRINGS>
    <SSFSTRINGS>
     <ACTIVE>A</ACTIVE>
     <STYLENAME>ZMMPO_FORM</STYLENAME>
     <TDSTRING>L</TDSTRING>
     <TDSUPER>*</TDSUPER>
     <TDSUB>*</TDSUB>
     <TDHIDDEN>*</TDHIDDEN>
     <TDPROTLINE>*</TDPROTLINE>
     <TDFAMILY>HELVE</TDFAMILY>
     <TDHEIGHT>260</TDHEIGHT>
     <TDBOLD>*</TDBOLD>
     <TDITALIC>*</TDITALIC>
     <TDUNDERLIN>*</TDUNDERLIN>
     <LANGU>S</LANGU>
     <CAPTION>Font 26 (Helve)</CAPTION>
    </SSFSTRINGS>
    <SSFSTRINGS>
     <ACTIVE>A</ACTIVE>
     <STYLENAME>ZMMPO_FORM</STYLENAME>
     <TDSTRING>LL</TDSTRING>
     <TDSUPER>*</TDSUPER>
     <TDSUB>*</TDSUB>
     <TDHIDDEN>*</TDHIDDEN>
     <TDPROTLINE>*</TDPROTLINE>
     <TDFAMILY>HELVE</TDFAMILY>
     <TDHEIGHT>280</TDHEIGHT>
     <TDBOLD>*</TDBOLD>
     <TDITALIC>*</TDITALIC>
     <TDUNDERLIN>*</TDUNDERLIN>
     <LANGU>S</LANGU>
     <CAPTION>Font 28 (Helve)</CAPTION>
    </SSFSTRINGS>
    <SSFSTRINGS>
     <ACTIVE>A</ACTIVE>
     <STYLENAME>ZMMPO_FORM</STYLENAME>
     <TDSTRING>LM</TDSTRING>
     <TDSUPER>*</TDSUPER>
     <TDSUB>*</TDSUB>
     <TDHIDDEN>*</TDHIDDEN>
     <TDPROTLINE>*</TDPROTLINE>
     <TDFAMILY>HELVE</TDFAMILY>
     <TDHEIGHT>200</TDHEIGHT>
     <TDBOLD>*</TDBOLD>
     <TDITALIC>*</TDITALIC>
     <TDUNDERLIN>*</TDUNDERLIN>
     <LANGU>S</LANGU>
     <CAPTION>Font 20 (Helve)</CAPTION>
    </SSFSTRINGS>
    <SSFSTRINGS>
     <ACTIVE>A</ACTIVE>
     <STYLENAME>ZMMPO_FORM</STYLENAME>
     <TDSTRING>LS</TDSTRING>
     <TDSUPER>*</TDSUPER>
     <TDSUB>*</TDSUB>
     <TDHIDDEN>*</TDHIDDEN>
     <TDPROTLINE>*</TDPROTLINE>
     <TDFAMILY>HELVE</TDFAMILY>
     <TDHEIGHT>120</TDHEIGHT>
     <TDBOLD>*</TDBOLD>
     <TDITALIC>*</TDITALIC>
     <TDUNDERLIN>*</TDUNDERLIN>
     <LANGU>S</LANGU>
     <CAPTION>Font 12 (Helve)</CAPTION>
    </SSFSTRINGS>
    <SSFSTRINGS>
     <ACTIVE>A</ACTIVE>
     <STYLENAME>ZMMPO_FORM</STYLENAME>
     <TDSTRING>M</TDSTRING>
     <TDSUPER>*</TDSUPER>
     <TDSUB>*</TDSUB>
     <TDHIDDEN>*</TDHIDDEN>
     <TDPROTLINE>*</TDPROTLINE>
     <TDFAMILY>HELVE</TDFAMILY>
     <TDHEIGHT>180</TDHEIGHT>
     <TDBOLD>*</TDBOLD>
     <TDITALIC>*</TDITALIC>
     <TDUNDERLIN>*</TDUNDERLIN>
     <LANGU>S</LANGU>
     <CAPTION>Font 18 (Helve)</CAPTION>
    </SSFSTRINGS>
    <SSFSTRINGS>
     <ACTIVE>A</ACTIVE>
     <STYLENAME>ZMMPO_FORM</STYLENAME>
     <TDSTRING>ML</TDSTRING>
     <TDSUPER>*</TDSUPER>
     <TDSUB>*</TDSUB>
     <TDHIDDEN>*</TDHIDDEN>
     <TDPROTLINE>*</TDPROTLINE>
     <TDFAMILY>HELVE</TDFAMILY>
     <TDHEIGHT>240</TDHEIGHT>
     <TDBOLD>*</TDBOLD>
     <TDITALIC>*</TDITALIC>
     <TDUNDERLIN>*</TDUNDERLIN>
     <LANGU>S</LANGU>
     <CAPTION>Font 24 (Helve)</CAPTION>
    </SSFSTRINGS>
    <SSFSTRINGS>
     <ACTIVE>A</ACTIVE>
     <STYLENAME>ZMMPO_FORM</STYLENAME>
     <TDSTRING>MS</TDSTRING>
     <TDSUPER>*</TDSUPER>
     <TDSUB>*</TDSUB>
     <TDHIDDEN>*</TDHIDDEN>
     <TDPROTLINE>*</TDPROTLINE>
     <TDFAMILY>HELVE</TDFAMILY>
     <TDHEIGHT>100</TDHEIGHT>
     <TDBOLD>*</TDBOLD>
     <TDITALIC>*</TDITALIC>
     <TDUNDERLIN>*</TDUNDERLIN>
     <LANGU>S</LANGU>
     <CAPTION>Font 10(Helve)</CAPTION>
    </SSFSTRINGS>
    <SSFSTRINGS>
     <ACTIVE>A</ACTIVE>
     <STYLENAME>ZMMPO_FORM</STYLENAME>
     <TDSTRING>S</TDSTRING>
     <TDSUPER>*</TDSUPER>
     <TDSUB>*</TDSUB>
     <TDFAMILY>HELVE</TDFAMILY>
     <TDHEIGHT>140</TDHEIGHT>
     <TDBOLD>*</TDBOLD>
     <TDITALIC>*</TDITALIC>
     <TDUNDERLIN>*</TDUNDERLIN>
     <LANGU>S</LANGU>
     <CAPTION>Font 14 (Helve)</CAPTION>
    </SSFSTRINGS>
    <SSFSTRINGS>
     <ACTIVE>A</ACTIVE>
     <STYLENAME>ZMMPO_FORM</STYLENAME>
     <TDSTRING>SL</TDSTRING>
     <TDSUPER>*</TDSUPER>
     <TDSUB>*</TDSUB>
     <TDFAMILY>HELVE</TDFAMILY>
     <TDHEIGHT>220</TDHEIGHT>
     <TDBOLD>*</TDBOLD>
     <TDITALIC>*</TDITALIC>
     <TDUNDERLIN>*</TDUNDERLIN>
     <LANGU>S</LANGU>
     <CAPTION>Font 22 (Helve)</CAPTION>
    </SSFSTRINGS>
    <SSFSTRINGS>
     <ACTIVE>A</ACTIVE>
     <STYLENAME>ZMMPO_FORM</STYLENAME>
     <TDSTRING>SM</TDSTRING>
     <TDSUPER>*</TDSUPER>
     <TDSUB>*</TDSUB>
     <TDFAMILY>HELVE</TDFAMILY>
     <TDHEIGHT>160</TDHEIGHT>
     <TDBOLD>*</TDBOLD>
     <TDITALIC>*</TDITALIC>
     <TDUNDERLIN>*</TDUNDERLIN>
     <LANGU>S</LANGU>
     <CAPTION>Font 16 (Helve)</CAPTION>
    </SSFSTRINGS>
    <SSFSTRINGS>
     <ACTIVE>A</ACTIVE>
     <STYLENAME>ZMMPO_FORM</STYLENAME>
     <TDSTRING>SS</TDSTRING>
     <TDSUPER>*</TDSUPER>
     <TDSUB>*</TDSUB>
     <TDHIDDEN>*</TDHIDDEN>
     <TDPROTLINE>*</TDPROTLINE>
     <TDFAMILY>HELVE</TDFAMILY>
     <TDHEIGHT>080</TDHEIGHT>
     <TDBOLD>*</TDBOLD>
     <TDITALIC>*</TDITALIC>
     <TDUNDERLIN>*</TDUNDERLIN>
     <LANGU>S</LANGU>
     <CAPTION>Font 8 (Helve)</CAPTION>
    </SSFSTRINGS>
    <SSFSTRINGS>
     <ACTIVE>A</ACTIVE>
     <STYLENAME>ZMMPO_FORM</STYLENAME>
     <TDSTRING>XL</TDSTRING>
     <TDSUPER>*</TDSUPER>
     <TDSUB>*</TDSUB>
     <TDFAMILY>HELVE</TDFAMILY>
     <TDHEIGHT>360</TDHEIGHT>
     <TDBOLD>*</TDBOLD>
     <TDITALIC>*</TDITALIC>
     <TDUNDERLIN>*</TDUNDERLIN>
     <LANGU>S</LANGU>
     <CAPTION>Font 36 (Helve)</CAPTION>
    </SSFSTRINGS>
    <SSFSTRINGS>
     <ACTIVE>A</ACTIVE>
     <STYLENAME>ZMMPO_FORM</STYLENAME>
     <TDSTRING>XS</TDSTRING>
     <TDSUPER>*</TDSUPER>
     <TDSUB>*</TDSUB>
     <TDHIDDEN>*</TDHIDDEN>
     <TDPROTLINE>*</TDPROTLINE>
     <TDFAMILY>HELVE</TDFAMILY>
     <TDHEIGHT>060</TDHEIGHT>
     <TDBOLD>*</TDBOLD>
     <TDITALIC>*</TDITALIC>
     <TDUNDERLIN>*</TDUNDERLIN>
     <LANGU>S</LANGU>
     <CAPTION>Font 6 (Helve)</CAPTION>
    </SSFSTRINGS>
   </SSFSTRINGS>
  </asx:values>
 </asx:abap>
</abapGit>
