﻿<?xml version="1.0" encoding="utf-8"?>
<abapGit version="v1.0.0" serializer="LCL_OBJECT_TABL" serializer_version="v1.0.0">
 <asx:abap xmlns:asx="http://www.sap.com/abapxml" version="1.0">
  <asx:values>
   <DD02V>
    <TABNAME>ZST_MONTOS</TABNAME>
    <DDLANGUAGE>S</DDLANGUAGE>
    <TABCLASS>INTTAB</TABCLASS>
    <DDTEXT>Estructura montos</DDTEXT>
    <EXCLASS>4</EXCLASS>
   </DD02V>
   <DD03P_TABLE>
    <DD03P>
     <FIELDNAME>TEXT1</FIELDNAME>
     <ROLLNAME>CHAR20</ROLLNAME>
     <ADMINFIELD>0</ADMINFIELD>
     <COMPTYPE>E</COMPTYPE>
    </DD03P>
    <DD03P>
     <FIELDNAME>MONTO1</FIELDNAME>
     <ROLLNAME>MAXBT</ROLLNAME>
     <ADMINFIELD>0</ADMINFIELD>
     <REFTABLE>EKKO</REFTABLE>
     <REFFIELD>WAERS</REFFIELD>
     <COMPTYPE>E</COMPTYPE>
    </DD03P>
    <DD03P>
     <FIELDNAME>TEXT2</FIELDNAME>
     <ROLLNAME>CHAR20</ROLLNAME>
     <ADMINFIELD>0</ADMINFIELD>
     <COMPTYPE>E</COMPTYPE>
    </DD03P>
    <DD03P>
     <FIELDNAME>MONTO2</FIELDNAME>
     <ROLLNAME>MAXBT</ROLLNAME>
     <ADMINFIELD>0</ADMINFIELD>
     <REFTABLE>EKKO</REFTABLE>
     <REFFIELD>WAERS</REFFIELD>
     <COMPTYPE>E</COMPTYPE>
    </DD03P>
    <DD03P>
     <FIELDNAME>TEXT3</FIELDNAME>
     <ROLLNAME>CHAR20</ROLLNAME>
     <ADMINFIELD>0</ADMINFIELD>
     <COMPTYPE>E</COMPTYPE>
    </DD03P>
    <DD03P>
     <FIELDNAME>MONTO3</FIELDNAME>
     <ROLLNAME>MAXBT</ROLLNAME>
     <ADMINFIELD>0</ADMINFIELD>
     <REFTABLE>EKKO</REFTABLE>
     <REFFIELD>WAERS</REFFIELD>
     <COMPTYPE>E</COMPTYPE>
    </DD03P>
    <DD03P>
     <FIELDNAME>TEXT4</FIELDNAME>
     <ROLLNAME>CHAR20</ROLLNAME>
     <ADMINFIELD>0</ADMINFIELD>
     <COMPTYPE>E</COMPTYPE>
    </DD03P>
    <DD03P>
     <FIELDNAME>MONTO4</FIELDNAME>
     <ROLLNAME>MAXBT</ROLLNAME>
     <ADMINFIELD>0</ADMINFIELD>
     <REFTABLE>EKKO</REFTABLE>
     <REFFIELD>WAERS</REFFIELD>
     <COMPTYPE>E</COMPTYPE>
    </DD03P>
    <DD03P>
     <FIELDNAME>TEXT5</FIELDNAME>
     <ROLLNAME>CHAR20</ROLLNAME>
     <ADMINFIELD>0</ADMINFIELD>
     <COMPTYPE>E</COMPTYPE>
    </DD03P>
    <DD03P>
     <FIELDNAME>MONTO5</FIELDNAME>
     <ROLLNAME>MAXBT</ROLLNAME>
     <ADMINFIELD>0</ADMINFIELD>
     <REFTABLE>EKKO</REFTABLE>
     <REFFIELD>WAERS</REFFIELD>
     <COMPTYPE>E</COMPTYPE>
    </DD03P>
    <DD03P>
     <FIELDNAME>TEXT6</FIELDNAME>
     <ROLLNAME>CHAR20</ROLLNAME>
     <ADMINFIELD>0</ADMINFIELD>
     <COMPTYPE>E</COMPTYPE>
    </DD03P>
    <DD03P>
     <FIELDNAME>MONTO6</FIELDNAME>
     <ROLLNAME>MAXBT</ROLLNAME>
     <ADMINFIELD>0</ADMINFIELD>
     <REFTABLE>EKKO</REFTABLE>
     <REFFIELD>WAERS</REFFIELD>
     <COMPTYPE>E</COMPTYPE>
    </DD03P>
    <DD03P>
     <FIELDNAME>TEXT7</FIELDNAME>
     <ROLLNAME>CHAR20</ROLLNAME>
     <ADMINFIELD>0</ADMINFIELD>
     <COMPTYPE>E</COMPTYPE>
    </DD03P>
    <DD03P>
     <FIELDNAME>MONTO7</FIELDNAME>
     <ROLLNAME>MAXBT</ROLLNAME>
     <ADMINFIELD>0</ADMINFIELD>
     <REFTABLE>EKKO</REFTABLE>
     <REFFIELD>WAERS</REFFIELD>
     <COMPTYPE>E</COMPTYPE>
    </DD03P>
    <DD03P>
     <FIELDNAME>TEXT8</FIELDNAME>
     <ROLLNAME>CHAR20</ROLLNAME>
     <ADMINFIELD>0</ADMINFIELD>
     <COMPTYPE>E</COMPTYPE>
    </DD03P>
    <DD03P>
     <FIELDNAME>MONTO8</FIELDNAME>
     <ROLLNAME>MAXBT</ROLLNAME>
     <ADMINFIELD>0</ADMINFIELD>
     <REFTABLE>EKKO</REFTABLE>
     <REFFIELD>WAERS</REFFIELD>
     <COMPTYPE>E</COMPTYPE>
    </DD03P>
    <DD03P>
     <FIELDNAME>TEXT9</FIELDNAME>
     <ROLLNAME>CHAR20</ROLLNAME>
     <ADMINFIELD>0</ADMINFIELD>
     <COMPTYPE>E</COMPTYPE>
    </DD03P>
    <DD03P>
     <FIELDNAME>MONTO9</FIELDNAME>
     <ROLLNAME>MAXBT</ROLLNAME>
     <ADMINFIELD>0</ADMINFIELD>
     <REFTABLE>EKKO</REFTABLE>
     <REFFIELD>WAERS</REFFIELD>
     <COMPTYPE>E</COMPTYPE>
    </DD03P>
    <DD03P>
     <FIELDNAME>TEXT10</FIELDNAME>
     <ROLLNAME>CHAR20</ROLLNAME>
     <ADMINFIELD>0</ADMINFIELD>
     <COMPTYPE>E</COMPTYPE>
    </DD03P>
    <DD03P>
     <FIELDNAME>MONTO10</FIELDNAME>
     <ROLLNAME>MAXBT</ROLLNAME>
     <ADMINFIELD>0</ADMINFIELD>
     <REFTABLE>EKKO</REFTABLE>
     <REFFIELD>WAERS</REFFIELD>
     <COMPTYPE>E</COMPTYPE>
    </DD03P>
    <DD03P>
     <FIELDNAME>TEXT11</FIELDNAME>
     <ROLLNAME>CHAR20</ROLLNAME>
     <ADMINFIELD>0</ADMINFIELD>
     <COMPTYPE>E</COMPTYPE>
    </DD03P>
    <DD03P>
     <FIELDNAME>MONTO11</FIELDNAME>
     <ROLLNAME>MAXBT</ROLLNAME>
     <ADMINFIELD>0</ADMINFIELD>
     <REFTABLE>EKKO</REFTABLE>
     <REFFIELD>WAERS</REFFIELD>
     <COMPTYPE>E</COMPTYPE>
    </DD03P>
    <DD03P>
     <FIELDNAME>TEXT12</FIELDNAME>
     <ROLLNAME>CHAR20</ROLLNAME>
     <ADMINFIELD>0</ADMINFIELD>
     <COMPTYPE>E</COMPTYPE>
    </DD03P>
    <DD03P>
     <FIELDNAME>MONTO12</FIELDNAME>
     <ROLLNAME>MAXBT</ROLLNAME>
     <ADMINFIELD>0</ADMINFIELD>
     <REFTABLE>EKKO</REFTABLE>
     <REFFIELD>WAERS</REFFIELD>
     <COMPTYPE>E</COMPTYPE>
    </DD03P>
    <DD03P>
     <FIELDNAME>TEXT13</FIELDNAME>
     <ROLLNAME>CHAR20</ROLLNAME>
     <ADMINFIELD>0</ADMINFIELD>
     <COMPTYPE>E</COMPTYPE>
    </DD03P>
    <DD03P>
     <FIELDNAME>MONTO13</FIELDNAME>
     <ROLLNAME>MAXBT</ROLLNAME>
     <ADMINFIELD>0</ADMINFIELD>
     <REFTABLE>EKKO</REFTABLE>
     <REFFIELD>WAERS</REFFIELD>
     <COMPTYPE>E</COMPTYPE>
    </DD03P>
    <DD03P>
     <FIELDNAME>TEXT14</FIELDNAME>
     <ROLLNAME>CHAR20</ROLLNAME>
     <ADMINFIELD>0</ADMINFIELD>
     <COMPTYPE>E</COMPTYPE>
    </DD03P>
    <DD03P>
     <FIELDNAME>MONTO14</FIELDNAME>
     <ROLLNAME>MAXBT</ROLLNAME>
     <ADMINFIELD>0</ADMINFIELD>
     <REFTABLE>EKKO</REFTABLE>
     <REFFIELD>WAERS</REFFIELD>
     <COMPTYPE>E</COMPTYPE>
    </DD03P>
    <DD03P>
     <FIELDNAME>TEXT15</FIELDNAME>
     <ROLLNAME>CHAR20</ROLLNAME>
     <ADMINFIELD>0</ADMINFIELD>
     <COMPTYPE>E</COMPTYPE>
    </DD03P>
    <DD03P>
     <FIELDNAME>MONTO15</FIELDNAME>
     <ROLLNAME>MAXBT</ROLLNAME>
     <ADMINFIELD>0</ADMINFIELD>
     <REFTABLE>EKKO</REFTABLE>
     <REFFIELD>WAERS</REFFIELD>
     <COMPTYPE>E</COMPTYPE>
    </DD03P>
    <DD03P>
     <FIELDNAME>TEXT16</FIELDNAME>
     <ROLLNAME>CHAR20</ROLLNAME>
     <ADMINFIELD>0</ADMINFIELD>
     <COMPTYPE>E</COMPTYPE>
    </DD03P>
    <DD03P>
     <FIELDNAME>MONTO16</FIELDNAME>
     <ROLLNAME>MAXBT</ROLLNAME>
     <ADMINFIELD>0</ADMINFIELD>
     <REFTABLE>EKKO</REFTABLE>
     <REFFIELD>WAERS</REFFIELD>
     <COMPTYPE>E</COMPTYPE>
    </DD03P>
    <DD03P>
     <FIELDNAME>TEXT17</FIELDNAME>
     <ROLLNAME>CHAR20</ROLLNAME>
     <ADMINFIELD>0</ADMINFIELD>
     <COMPTYPE>E</COMPTYPE>
    </DD03P>
    <DD03P>
     <FIELDNAME>MONTO17</FIELDNAME>
     <ROLLNAME>MAXBT</ROLLNAME>
     <ADMINFIELD>0</ADMINFIELD>
     <REFTABLE>EKKO</REFTABLE>
     <REFFIELD>WAERS</REFFIELD>
     <COMPTYPE>E</COMPTYPE>
    </DD03P>
    <DD03P>
     <FIELDNAME>TEXT18</FIELDNAME>
     <ROLLNAME>CHAR20</ROLLNAME>
     <ADMINFIELD>0</ADMINFIELD>
     <COMPTYPE>E</COMPTYPE>
    </DD03P>
    <DD03P>
     <FIELDNAME>MONTO18</FIELDNAME>
     <ROLLNAME>MAXBT</ROLLNAME>
     <ADMINFIELD>0</ADMINFIELD>
     <REFTABLE>EKKO</REFTABLE>
     <REFFIELD>WAERS</REFFIELD>
     <COMPTYPE>E</COMPTYPE>
    </DD03P>
    <DD03P>
     <FIELDNAME>TEXT19</FIELDNAME>
     <ROLLNAME>CHAR20</ROLLNAME>
     <ADMINFIELD>0</ADMINFIELD>
     <COMPTYPE>E</COMPTYPE>
    </DD03P>
    <DD03P>
     <FIELDNAME>MONTO19</FIELDNAME>
     <ROLLNAME>MAXBT</ROLLNAME>
     <ADMINFIELD>0</ADMINFIELD>
     <REFTABLE>EKKO</REFTABLE>
     <REFFIELD>WAERS</REFFIELD>
     <COMPTYPE>E</COMPTYPE>
    </DD03P>
    <DD03P>
     <FIELDNAME>TEXT20</FIELDNAME>
     <ROLLNAME>CHAR20</ROLLNAME>
     <ADMINFIELD>0</ADMINFIELD>
     <COMPTYPE>E</COMPTYPE>
    </DD03P>
    <DD03P>
     <FIELDNAME>MONTO20</FIELDNAME>
     <ROLLNAME>MAXBT</ROLLNAME>
     <ADMINFIELD>0</ADMINFIELD>
     <REFTABLE>EKKO</REFTABLE>
     <REFFIELD>WAERS</REFFIELD>
     <COMPTYPE>E</COMPTYPE>
    </DD03P>
   </DD03P_TABLE>
  </asx:values>
 </asx:abap>
</abapGit>
