﻿<?xml version="1.0" encoding="utf-8"?>
<abapGit version="v1.0.0" serializer="LCL_OBJECT_PROG" serializer_version="v1.0.0">
 <asx:abap xmlns:asx="http://www.sap.com/abapxml" version="1.0">
  <asx:values>
   <PROGDIR>
    <NAME>ZZSAPFM06P</NAME>
    <SQLX>X</SQLX>
    <SUBC>S</SUBC>
    <APPL>M</APPL>
    <RSTAT>P</RSTAT>
    <RLOAD>D</RLOAD>
    <UCCHECK>X</UCCHECK>
   </PROGDIR>
   <TPOOL>
    <item>
     <ID>I</ID>
     <KEY>ER1</KEY>
     <ENTRY>1. recordatorio</ENTRY>
     <LENGTH>15</LENGTH>
    </item>
    <item>
     <ID>I</ID>
     <KEY>ER2</KEY>
     <ENTRY>2. recordatorio</ENTRY>
     <LENGTH>15</LENGTH>
    </item>
    <item>
     <ID>I</ID>
     <KEY>ER3</KEY>
     <ENTRY>3. recordatorio</ENTRY>
     <LENGTH>15</LENGTH>
    </item>
    <item>
     <ID>I</ID>
     <KEY>MA1</KEY>
     <ENTRY>1ª reclamación</ENTRY>
     <LENGTH>14</LENGTH>
    </item>
    <item>
     <ID>I</ID>
     <KEY>MA2</KEY>
     <ENTRY>2ª reclamación</ENTRY>
     <LENGTH>14</LENGTH>
    </item>
    <item>
     <ID>I</ID>
     <KEY>MA3</KEY>
     <ENTRY>3ª reclamación</ENTRY>
     <LENGTH>14</LENGTH>
    </item>
    <item>
     <ID>I</ID>
     <KEY>TIM</KEY>
     <ENTRY>Hora</ENTRY>
     <LENGTH>7</LENGTH>
    </item>
    <item>
     <ID>I</ID>
     <KEY>ZBT</KEY>
     <ENTRY>Condiciones de pago:</ENTRY>
     <LENGTH>20</LENGTH>
    </item>
    <item>
     <ID>R</ID>
     <ENTRY>Progr.p.impresión doc.compras</ENTRY>
     <LENGTH>29</LENGTH>
    </item>
   </TPOOL>
   <I18N_TPOOL>
    <item>
     <LANGUAGE>D</LANGUAGE>
     <TEXTPOOL>
      <item>
       <ID>I</ID>
       <KEY>ER1</KEY>
       <ENTRY>1. Erinnerung</ENTRY>
       <LENGTH>13</LENGTH>
      </item>
      <item>
       <ID>I</ID>
       <KEY>ER2</KEY>
       <ENTRY>2. Erinnerung</ENTRY>
       <LENGTH>13</LENGTH>
      </item>
      <item>
       <ID>I</ID>
       <KEY>ER3</KEY>
       <ENTRY>3. Erinnerung</ENTRY>
       <LENGTH>13</LENGTH>
      </item>
      <item>
       <ID>I</ID>
       <KEY>MA1</KEY>
       <ENTRY>1. Mahnung</ENTRY>
       <LENGTH>10</LENGTH>
      </item>
      <item>
       <ID>I</ID>
       <KEY>MA2</KEY>
       <ENTRY>2. Mahnung</ENTRY>
       <LENGTH>10</LENGTH>
      </item>
      <item>
       <ID>I</ID>
       <KEY>MA3</KEY>
       <ENTRY>3. Mahnung</ENTRY>
       <LENGTH>10</LENGTH>
      </item>
      <item>
       <ID>I</ID>
       <KEY>TIM</KEY>
       <ENTRY>Uhrzeit</ENTRY>
       <LENGTH>7</LENGTH>
      </item>
      <item>
       <ID>I</ID>
       <KEY>ZBT</KEY>
       <ENTRY>Zahlungsbedingungen:</ENTRY>
       <LENGTH>20</LENGTH>
      </item>
      <item>
       <ID>R</ID>
       <ENTRY>Druckprogramm Einkaufsbelege</ENTRY>
       <LENGTH>28</LENGTH>
      </item>
     </TEXTPOOL>
    </item>
    <item>
     <LANGUAGE>E</LANGUAGE>
     <TEXTPOOL>
      <item>
       <ID>I</ID>
       <KEY>ER1</KEY>
       <ENTRY>1st Reminder</ENTRY>
       <LENGTH>13</LENGTH>
      </item>
      <item>
       <ID>I</ID>
       <KEY>ER2</KEY>
       <ENTRY>2nd Reminder</ENTRY>
       <LENGTH>13</LENGTH>
      </item>
      <item>
       <ID>I</ID>
       <KEY>ER3</KEY>
       <ENTRY>3rd Reminder</ENTRY>
       <LENGTH>13</LENGTH>
      </item>
      <item>
       <ID>I</ID>
       <KEY>MA1</KEY>
       <ENTRY>1st Expediter</ENTRY>
       <LENGTH>13</LENGTH>
      </item>
      <item>
       <ID>I</ID>
       <KEY>MA2</KEY>
       <ENTRY>2nd Expediter</ENTRY>
       <LENGTH>13</LENGTH>
      </item>
      <item>
       <ID>I</ID>
       <KEY>MA3</KEY>
       <ENTRY>3rd Expediter</ENTRY>
       <LENGTH>13</LENGTH>
      </item>
      <item>
       <ID>I</ID>
       <KEY>TIM</KEY>
       <ENTRY>Time</ENTRY>
       <LENGTH>7</LENGTH>
      </item>
      <item>
       <ID>I</ID>
       <KEY>ZBT</KEY>
       <ENTRY>Terms of Payment:</ENTRY>
       <LENGTH>20</LENGTH>
      </item>
      <item>
       <ID>R</ID>
       <ENTRY>Print Program for Purchasing Documents</ENTRY>
       <LENGTH>38</LENGTH>
      </item>
     </TEXTPOOL>
    </item>
   </I18N_TPOOL>
  </asx:values>
 </asx:abap>
</abapGit>
